"0","# Support of the estimator"
"0","support <- c(min(data) - h, max(data) + h)"
"0",""
"0","# Check if the estimator is a valid probability density function"
"0","integral <- integrate(f_hat, support[1], support[2])$value"
"0",""
"0","# Print the support and validation results"
"0","cat(""Support of the estimator:"", support[1], ""to"", support[2], ""\n"")"
"1","Support of the estimator:"
"1"," "
"1","4.651167"
"1"," "
"1","to"
"1"," "
"1","30.34883"
"1"," "
"1","
"
"0","cat(""The estimator is a valid probability density function: "", abs(integral - 1) < 1e-6, ""\n"")"
"1","The estimator is a valid probability density function: "
"1"," "
"1","TRUE"
"1"," "
"1","
"
"0","# Calculate the expected value of the density function estimator"
"0","expected_value <- integrate(function(x) x * f_hat(x), -Inf, Inf)$value"
"0",""
"0","# Calculate the variance of the density function estimator"
"0","variance <- integrate(function(x) (x - expected_value)^2 * f_hat(x), -Inf, Inf)$value"
"0",""
"0","# Print the expected value and variance"
"0","cat(""Expected value of the density function estimator:"", expected_value, ""\n"")"
"1","Expected value of the density function estimator:"
"1"," "
"1","15.49997"
"1"," "
"1","
"
"0","cat(""Variance of the density function estimator:"", variance, ""\n"")"
"1","Variance of the density function estimator:"
"1"," "
"1","38.97194"
"1"," "
"1","
"
